{
    "crecerAPI" : "https://crecer-cert-api.azure-api.net/app/api/v1",
    "IVR": "https://crecer-cert-api.azure-api.net/api/v1",
    "deleteEndP" : "http://10.2.0.5:8094/api/v1/EliminarUsuarioBiometrico",
    "tokenDelete" : "http://172.50.0.4:8080/auth/realms/certificacion/protocol/openid-connect/token",
    "deleteSurvivalCheck": "http://192.168.28.252:8572/api/v1/supervivencia",
    "deleteAdvance":"http://192.168.28.252:8572/api/v1/anticipo",
    "projectName": "canaleselectronicosapv",
    "projectVersion": "1.0.0"
}