[
  {
    "description": "  Usuario envia masivamente la constancia de ISR a los afiliados",
    "keyword": "Feature",
    "name": "Envio masivo de constacias ISR",
    "line": 2,
    "id": "envio-masivo-de-constacias-isr",
    "tags": [
      {
        "name": "@operaciones",
        "line": 1
      },
      {
        "name": "@constanciaISR",
        "line": 1
      }
    ],
    "uri": "constanciaISR.feature",
    "elements": [
      {
        "id": "envio-masivo-de-constacias-isr;usuario-envia-constancias-isr",
        "keyword": "Scenario",
        "line": 6,
        "name": "Usuario envia constancias ISR",
        "tags": [
          {
            "name": "@operaciones",
            "line": 1
          },
          {
            "name": "@constanciaISR",
            "line": 1
          }
        ],
        "type": "scenario",
        "steps": [
          {
            "arguments": [],
            "keyword": "When ",
            "line": 7,
            "name": "Un usuario autenticado ejecuta el proceso de envio de constancias ISR",
            "result": {
              "status": "passed",
              "duration": 2139000000
            }
          },
          {
            "arguments": [],
            "keyword": "Then ",
            "line": 8,
            "name": "Debe de cargar la pantalla de envio masivo y luego realizar el envio, ingresando el capcha",
            "result": {
              "status": "passed",
              "duration": 274000000
            }
          }
        ]
      }
    ]
  }
]