[
  {
    "description": "  Usuario descarga los datos de las constancia de ISR para MH",
    "keyword": "Feature",
    "name": "Descarga de datos de constacias ISR para MH",
    "line": 2,
    "id": "descarga-de-datos-de-constacias-isr-para-mh",
    "tags": [
      {
        "name": "@operaciones",
        "line": 1
      },
      {
        "name": "@constanciaISR",
        "line": 1
      }
    ],
    "uri": "datosministeriohaciendafapv.feature",
    "elements": [
      {
        "id": "descarga-de-datos-de-constacias-isr-para-mh;usuario-descarga-los-datos-de-las-constancia-de-isr-para-mh",
        "keyword": "Scenario",
        "line": 6,
        "name": "Usuario descarga los datos de las constancia de ISR para MH",
        "tags": [
          {
            "name": "@operaciones",
            "line": 1
          },
          {
            "name": "@constanciaISR",
            "line": 1
          }
        ],
        "type": "scenario",
        "steps": [
          {
            "arguments": [],
            "keyword": "When ",
            "line": 7,
            "name": "Un usuario autenticado descarga los datos de las constancia de ISR para MH",
            "result": {
              "status": "passed",
              "duration": 5257000000
            }
          },
          {
            "arguments": [],
            "keyword": "Then ",
            "line": 8,
            "name": "Debe descargar el archivo del año en curso conteniendo los datos de las constacias de ISR para MH",
            "result": {
              "status": "passed",
              "duration": 126000000
            }
          }
        ]
      }
    ]
  }
]