[
  {
    "description": "  Usuario se loguea en sitio canaleselectronicosapv",
    "keyword": "Feature",
    "name": "Login de usuario en canaleselectronicosapv",
    "line": 2,
    "id": "login-de-usuario-en-canaleselectronicosapv",
    "tags": [
      {
        "name": "@canaleselectronicosapv",
        "line": 1
      },
      {
        "name": "@login",
        "line": 1
      }
    ],
    "uri": "login.feature",
    "elements": [
      {
        "id": "login-de-usuario-en-canaleselectronicosapv;usuario-se-loguea-en-sitio-canaleselectronicosapv",
        "keyword": "Scenario",
        "line": 6,
        "name": "Usuario se loguea en sitio canaleselectronicosapv",
        "tags": [
          {
            "name": "@canaleselectronicosapv",
            "line": 1
          },
          {
            "name": "@login",
            "line": 1
          }
        ],
        "type": "scenario",
        "steps": [
          {
            "arguments": [],
            "keyword": "When ",
            "line": 7,
            "name": "Un usuario con credenciales ingresa al sitio de canaleselectronicosapv",
            "result": {
              "status": "passed",
              "duration": 1720000000
            }
          },
          {
            "arguments": [],
            "keyword": "Then ",
            "line": 8,
            "name": "Debe ver el menu y la pantalla principal Inicio",
            "result": {
              "status": "passed",
              "duration": 2000000
            }
          }
        ]
      }
    ]
  }
]